{"cameraMode":{"drawMode":0,"name":"Shaded","section":"Shading Mode"},"sceneLighting":true,"audioPlay":false,"sceneViewState":{"m_AlwaysRefresh":false,"showFog":true,"showSkybox":true,"showFlares":true,"showImageEffects":true,"showParticleSystems":true,"showVisualEffectGraphs":true,"m_FxEnabled":true},"in2DMode":false,"pivot":{"x":15.962328910827637,"y":-0.5836827158927918,"z":18.33954620361328},"rotation":{"x":0.22024184465408326,"y":-0.04736485704779625,"z":0.010615001432597638,"w":0.9743155241012573},"size":1.6940950155258179,"orthographic":false}